id,t,n_p,l_l_p,r_l_p,l_e_p,r_e_p
0,0.001963,0.4424274374138225,0.5975359822764541,0.5994384975144357,0.3798496181314642,0.3785922269929539
