id,n_d,l_l_p,r_l_p,l_e_p,r_e_p
0,-0.018215705047954212,0.48429103872992774,0.48924684072985797,0.2618541405959563,0.2580045409726374
