id,n_n,l_l_n,r_l_n,l_e_n,r_e_n,l_l_h,r_l_h,l_e_l,r_e_l
0,0.46671590209007263,0.6792574235887238,0.6880388097329573,0.37639129026369617,0.37167301232164557,0.6411661686319293,0.6544115037629098,0.3770124478773637,0.37016520175066864
